{"Train Inception Score Mean": 2.058805465698242, "Train Inception Score Std": 0.16491281986236572, "_timestamp": 1716968104.797641, "_runtime": 814.7188880443573, "_step": 4, "Test Inception Score Mean": 1.686598539352417, "Test Inception Score Std": 0.014622055925428867}